#content_type, content_id, content_name, content_description, author, rating, categories, export_countries,supported_devices,price, supported_languages, image_url, application_size, ringtone_duration_in_seconds, wallpaper_pixel_width, wallpaper_pixel_height#application, a1, Angry Birds Seasons, Angry Birds Seasons, Rovio,5, game|kids,US|CA|MX,iphone_5|iphone_6|lumina_800,1.5,en_us|en_ca|en_gb, http://web-assets.angrybirds.com/abcom/img/games/223/Icon_download_seasons_223x223.png,564,,,#ringtone, rt1, Ferrari 575M Maranello - 2002,This ringtone is a unique and exclusive recording of the 2002 Ferrari 575M Maranello being driven to its limits!,Nutbags,4,car|racing,US|CA|MX|AF|AL,lumina_800,0,en_us|en_ca|en_gb,http://p.d.ovi.com/p/g/store/1492679/_02_Ferrari_575M_Maranello-192x192.png,,35.67,,
#application,zynga_poker,Zynga Poker,zynga poker, Zynga,4, game|poker|gambling|casino,AF|AX|AL|DZ|AS|AD|AO|AI|AQ|AG|AR|AM|AW|AU|AT|AZ|BS|BH|BD|BB|BY|BE|BZ|BJ|BM|BT|LK|SD|SR|SJ|SZ|SE|CH|SY|TW|TJ|TZ|TH|TL|TG|TK|TO|TT|TN|TR|TM|TC|TV|UG|UA|AE|GB|US|UM|UY|UZ|VU|VE|VN|VG|VI|WF|EH|YE|ZM|ZW,droid_x|iphone_5|iphone_6,0,en_us|en_ca|en_gb,http://company.zynga.com/nfs/files-0123-01/styles/featured_game_hero_large/public/featured-games-380-226-zp-game-board-01.png?itok=w2YdRcRD,314, , ,

# French-Canadian version of Zynga Poker - language code is "fr-CA";#application,zynga_poker_French_Canadian,Zynga Poker,Zynga Poker, Zynga,4, game|poker|gambling|casino,CA,droid_x|iphone_5|iphone_6,0,fr-CA,http://company.zynga.com/nfs/files-0123-01/styles/featured_game_hero_large/public/featured-games-380-226-zp-game-board-01.png?itok=w2YdRcRD,314, , ,

# French-Canadian wallpaper of Zynga Poker - language code is "fr-CA";wallpaper,zynga_poker_French_Canadian_wp,Zynga Poker,Zynga Poker wallpaper, Zynga,5, game|poker|gambling|casino,CA,droid_x|iphone_5|iphone_6,0,fr-CA,http://company.zynga.com/nfs/files-0123-01/styles/featured_game_hero_large/public/featured-games-380-226-zp-game-board-01.png?itok=w2YdRcRD, , ,256,256

#content_type, content_id, content_name, content_description, author, rating, categories, export_countries,supported_devices,price, supported_languages, image_url, application_size, #wallpaper,zynga_poker_French_Canadian_wp,Zynga Poker,Zynga Poker wallpaper, Zynga,5, game|poker|gambling|casino,CA,droid_x|iphone_5|iphone_6,0,fr-CA,http://company.zynga.com/nfs/files-0123-01/styles/featured_game_hero_large/public/featured-games-380-226-zp-game-board-01.png?itok=w2YdRcRD, , , 256, 256
